<?xml version="1.0" encoding="utf-8" ?>
<dwsync>
<file name="bullet.gif" server="www.murach.com/htdocs/ajax/" local="129919401740000000" remote="129927464400000000" />
<file name="footer.gif" server="www.murach.com/htdocs/ajax/" local="129919401760000000" remote="129927464400000000" />
<file name="header.gif" server="www.murach.com/htdocs/ajax/" local="129919401740000000" remote="129927464400000000" />
<file name="logo_vconvert.gif" server="www.murach.com/htdocs/ajax/" local="129919401740000000" remote="129927464400000000" />
<file name="logo_vprospect.gif" server="www.murach.com/htdocs/ajax/" local="129919401740000000" remote="129927464400000000" />
<file name="logo_vretain.gif" server="www.murach.com/htdocs/ajax/" local="129919401740000000" remote="129927464400000000" />
<file name="mainbg.gif" server="www.murach.com/htdocs/ajax/" local="129919401740000000" remote="129927464400000000" />
<file name="subheader_aboutus.gif" server="www.murach.com/htdocs/ajax/" local="129919401760000000" remote="129927464400000000" />
<file name="subheader_contactus.gif" server="www.murach.com/htdocs/ajax/" local="129919401720000000" remote="129927464400000000" />
<file name="subheader_solutions.gif" server="www.murach.com/htdocs/ajax/" local="129919401740000000" remote="129927464400000000" />
<file name="subheader_support.gif" server="www.murach.com/htdocs/ajax/" local="129919401760000000" remote="129927464400000000" />
<file name="subheader_welcome.gif" server="www.murach.com/htdocs/ajax/" local="129919401740000000" remote="129927464400000000" />
</dwsync>